{"cameraMode":{"drawMode":0,"name":"Shaded","section":"Shading Mode"},"sceneLighting":true,"audioPlay":false,"sceneViewState":{"m_AlwaysRefresh":false,"showFog":true,"showSkybox":true,"showFlares":true,"showImageEffects":true,"showParticleSystems":true,"showVisualEffectGraphs":true,"m_FxEnabled":true},"in2DMode":false,"pivot":{"x":-2.7932229042053224,"y":-0.0560663640499115,"z":0.7799816727638245},"rotation":{"x":-0.0893142819404602,"y":0.6823216676712036,"z":-0.08456584811210633,"w":-0.7206324934959412},"size":3.5854289531707765,"orthographic":false}